{
  "project_info": {
    "project_number": "357294357284",
    "firebase_url": "https://smart-village-revolution.firebaseio.com",
    "project_id": "smart-village-revolution",
    "storage_bucket": "smart-village-revolution.appspot.com"
  },
  "client": [
    {
      "client_info": {
        "mobilesdk_app_id": "1:357294357284:android:e359d97daa080027",
        "android_client_info": {
          "package_name": "com.nblk.klu.villagerevolution"
        }
      },
      "oauth_client": [
        {
          "client_id": "357294357284-tfns93gebmn2l6rodchct8b9ucthhlr4.apps.googleusercontent.com",
          "client_type": 1,
          "android_info": {
            "package_name": "com.nblk.klu.villagerevolution",
            "certificate_hash": "fc3ea60e507737578bfd6142b2b8f8b70c29e9c9"
          }
        },
        {
          "client_id": "357294357284-ml3tlgq13jss71sb0e2u5o3p1f5jaqsb.apps.googleusercontent.com",
          "client_type": 3
        }
      ],
      "api_key": [
        {
          "current_key": "AIzaSyBeR7BF2QfvRSyvkZ36kxfUkj9r13X14KQ"
        }
      ],
      "services": {
        "analytics_service": {
          "status": 1
        },
        "appinvite_service": {
          "status": 2,
          "other_platform_oauth_client": [
            {
              "client_id": "357294357284-ml3tlgq13jss71sb0e2u5o3p1f5jaqsb.apps.googleusercontent.com",
              "client_type": 3
            }
          ]
        },
        "ads_service": {
          "status": 2
        }
      }
    }
  ],
  "configuration_version": "1"
}